{
  "inertia": 1.5955468190840427,
  "n_iter": 6,
  "cluster_sizes": [
    43,
    23,
    14,
    19,
    42,
    28,
    39,
    18,
    19,
    5
  ],
  "fit_time_sec": 7.035246100043878,
  "inertia_history": [
    1.680875731728118,
    1.6376534951661288,
    1.6160383646818992,
    1.602138047141715,
    1.5955468190840427,
    1.5955468190840427
  ]
}