{
  "inertia": 0.23724199154042602,
  "n_iter": 3,
  "cluster_sizes": [
    6,
    4,
    6,
    1,
    3,
    3,
    3,
    1,
    1,
    2
  ],
  "fit_time_sec": 5.432268899981864,
  "inertia_history": [
    0.2424143831734392,
    0.23724199154042602,
    0.23724199154042602
  ]
}