{
  "inertia": 0.15480231052114676,
  "n_iter": 2,
  "cluster_sizes": [
    1,
    4,
    2,
    6,
    4,
    2,
    2,
    3,
    3,
    3
  ],
  "fit_time_sec": 6.433779399958439,
  "inertia_history": [
    0.15480231052114676,
    0.15480231052114676
  ]
}