{
  "inertia": 2.69178600343791,
  "n_iter": 14,
  "cluster_sizes": [
    41,
    29,
    25,
    24,
    15,
    16,
    22,
    22,
    19,
    37
  ],
  "fit_time_sec": 7.391564000048675,
  "inertia_history": [
    3.276756991295326,
    3.084196766400336,
    3.025204685209942,
    2.943691391379533,
    2.9092223398918007,
    2.902203792785788,
    2.8938632338211696,
    2.8441799837232136,
    2.761196800183675,
    2.7104681061004476,
    2.6965002804805454,
    2.6931893031980003,
    2.69178600343791,
    2.69178600343791
  ]
}