{
  "inertia": 2.348695910683878,
  "n_iter": 9,
  "cluster_sizes": [
    55,
    11,
    26,
    25,
    24,
    40,
    18,
    18,
    12,
    21
  ],
  "fit_time_sec": 7.3465350000187755,
  "inertia_history": [
    2.4584184749958533,
    2.4128428807509525,
    2.401570785718487,
    2.3936935806627933,
    2.3791243089269334,
    2.3609336176661526,
    2.3533343232889985,
    2.348695910683878,
    2.348695910683878
  ]
}