{
  "inertia": 0.8118603986445012,
  "n_iter": 7,
  "cluster_sizes": [
    8,
    15,
    10,
    16,
    7,
    13,
    4,
    8,
    4,
    5
  ],
  "fit_time_sec": 5.800232000066899,
  "inertia_history": [
    0.9292522831597894,
    0.8598504529545914,
    0.8342713007506994,
    0.8241324824478317,
    0.8187993434246932,
    0.8118603986445012,
    0.8118603986445012
  ]
}