{
  "inertia": 0.5027915365163077,
  "n_iter": 7,
  "cluster_sizes": [
    21,
    9,
    8,
    6,
    12,
    6,
    11,
    3,
    10,
    4
  ],
  "fit_time_sec": 5.709683699999005,
  "inertia_history": [
    0.528435194258071,
    0.5197531051883564,
    0.5154461130426962,
    0.513530540546254,
    0.5092983690263139,
    0.5027915365163077,
    0.5027915365163077
  ]
}