{
  "inertia": 0.8234052887690273,
  "n_iter": 3,
  "cluster_sizes": [
    11,
    11,
    4,
    4,
    11,
    9,
    12,
    12,
    11,
    5
  ],
  "fit_time_sec": 5.715496200020425,
  "inertia_history": [
    0.8395524267073888,
    0.8234052887690273,
    0.8234052887690273
  ]
}