{
  "inertia": 0.7920263577878001,
  "n_iter": 6,
  "cluster_sizes": [
    8,
    5,
    8,
    10,
    14,
    12,
    13,
    4,
    11,
    5
  ],
  "fit_time_sec": 5.808567699976265,
  "inertia_history": [
    0.8952710097509886,
    0.8496865473798999,
    0.8158194008962818,
    0.7940790949358285,
    0.7920263577878001,
    0.7920263577878001
  ]
}