{
  "inertia": 0.9148310540451774,
  "n_iter": 7,
  "cluster_sizes": [
    11,
    9,
    5,
    8,
    8,
    13,
    2,
    14,
    9,
    11
  ],
  "fit_time_sec": 6.239407800021581,
  "inertia_history": [
    1.0614125093465567,
    0.9889259340843035,
    0.9678908057591868,
    0.9453681727797411,
    0.9232855197852546,
    0.9148310540451774,
    0.9148310540451774
  ]
}