{
  "inertia": 2.121229926554117,
  "n_iter": 7,
  "cluster_sizes": [
    17,
    28,
    14,
    17,
    26,
    21,
    22,
    15,
    25,
    15
  ],
  "fit_time_sec": 8.899818600038998,
  "inertia_history": [
    2.2106382839749155,
    2.153087360379679,
    2.136183392327653,
    2.1277417628198037,
    2.122387165126305,
    2.121229926554117,
    2.121229926554117
  ]
}