{
  "inertia": 1.8108610977695947,
  "n_iter": 7,
  "cluster_sizes": [
    36,
    17,
    17,
    34,
    27,
    22,
    17,
    5,
    8,
    17
  ],
  "fit_time_sec": 10.465871699969284,
  "inertia_history": [
    1.9752936270805306,
    1.8897682064106571,
    1.8391646445383194,
    1.8179849365357985,
    1.8116902090576223,
    1.8108610977695947,
    1.8108610977695947
  ]
}