{
  "inertia": 1.2043762706370582,
  "n_iter": 7,
  "cluster_sizes": [
    29,
    43,
    7,
    24,
    24,
    28,
    8,
    14,
    6,
    17
  ],
  "fit_time_sec": 10.857610799954273,
  "inertia_history": [
    1.2521222512246737,
    1.2211473293516786,
    1.213799722980419,
    1.208650419215214,
    1.2048718597542436,
    1.2043762706370582,
    1.2043762706370582
  ]
}