{
  "inertia": 1.935165831897391,
  "n_iter": 8,
  "cluster_sizes": [
    15,
    23,
    16,
    20,
    21,
    22,
    20,
    18,
    27,
    18
  ],
  "fit_time_sec": 10.411868899944238,
  "inertia_history": [
    2.3822434828711097,
    2.0819059555671524,
    1.9953929387513651,
    1.9714012157115834,
    1.9500055414615545,
    1.9391662786221895,
    1.935165831897391,
    1.935165831897391
  ]
}