{
  "inertia": 1.3119416369732084,
  "n_iter": 8,
  "cluster_sizes": [
    38,
    20,
    19,
    18,
    24,
    12,
    11,
    17,
    30,
    11
  ],
  "fit_time_sec": 8.29861040005926,
  "inertia_history": [
    1.4566143386734138,
    1.3667535788831755,
    1.3400016373599484,
    1.3268968851066512,
    1.3169075343739458,
    1.3124243912521751,
    1.3119416369732084,
    1.3119416369732084
  ]
}