{
  "inertia": 1.1294908295322317,
  "n_iter": 5,
  "cluster_sizes": [
    10,
    14,
    13,
    8,
    9,
    19,
    14,
    11,
    14,
    8
  ],
  "fit_time_sec": 7.031935599981807,
  "inertia_history": [
    1.1984405731460206,
    1.1490934779050808,
    1.132100390467818,
    1.1294908295322317,
    1.1294908295322317
  ]
}