{
  "inertia": 1.0553882890002972,
  "n_iter": 6,
  "cluster_sizes": [
    20,
    12,
    11,
    7,
    20,
    8,
    13,
    15,
    4,
    10
  ],
  "fit_time_sec": 6.772748099989258,
  "inertia_history": [
    1.1386763373421946,
    1.0865711718656723,
    1.064955952156795,
    1.0613546699656464,
    1.0553882890002972,
    1.0553882890002972
  ]
}