{
  "inertia": 1.1603448664792242,
  "n_iter": 5,
  "cluster_sizes": [
    8,
    18,
    14,
    15,
    10,
    12,
    17,
    8,
    12,
    6
  ],
  "fit_time_sec": 6.5414150999858975,
  "inertia_history": [
    1.2067124714461248,
    1.1809485556519328,
    1.1678744182368441,
    1.1603448664792242,
    1.1603448664792242
  ]
}