{
  "inertia": 1.075941714867843,
  "n_iter": 4,
  "cluster_sizes": [
    9,
    22,
    10,
    11,
    16,
    15,
    16,
    5,
    13,
    3
  ],
  "fit_time_sec": 7.179338299902156,
  "inertia_history": [
    1.137338019186046,
    1.082141969596166,
    1.075941714867843,
    1.075941714867843
  ]
}