{
  "inertia": 1.0451696853913774,
  "n_iter": 10,
  "cluster_sizes": [
    14,
    19,
    14,
    17,
    8,
    15,
    11,
    8,
    7,
    7
  ],
  "fit_time_sec": 6.54296270001214,
  "inertia_history": [
    1.1569563871106547,
    1.1172896396488687,
    1.0984358994290822,
    1.0756335080762391,
    1.063298124541631,
    1.0607500944987291,
    1.0583193921821583,
    1.0470598388328871,
    1.0451696853913774,
    1.0451696853913774
  ]
}