{
  "inertia": 0.736236585466381,
  "n_iter": 7,
  "cluster_sizes": [
    17,
    14,
    12,
    9,
    9,
    9,
    7,
    8,
    15,
    20
  ],
  "fit_time_sec": 5.983193499967456,
  "inertia_history": [
    0.8490105493841884,
    0.7844546884770031,
    0.7616664279444056,
    0.7469880966891866,
    0.7379238018466968,
    0.736236585466381,
    0.736236585466381
  ]
}