{
  "inertia": 1.207411198725533,
  "n_iter": 3,
  "cluster_sizes": [
    15,
    11,
    6,
    32,
    9,
    14,
    11,
    11,
    2,
    9
  ],
  "fit_time_sec": 6.387236400041729,
  "inertia_history": [
    1.2369261117798076,
    1.207411198725533,
    1.207411198725533
  ]
}