{
  "inertia": 3.773709112527026,
  "n_iter": 10,
  "cluster_sizes": [
    28,
    60,
    51,
    41,
    35,
    28,
    21,
    35,
    36,
    15
  ],
  "fit_time_sec": 12.94791119999718,
  "inertia_history": [
    4.044060023055487,
    3.9762753655428495,
    3.9268965580847217,
    3.8586362050123517,
    3.8094726526347666,
    3.7899302013202942,
    3.783990458364779,
    3.778232930318428,
    3.773709112527026,
    3.773709112527026
  ]
}