{
  "inertia": 3.3249379789031326,
  "n_iter": 17,
  "cluster_sizes": [
    23,
    56,
    31,
    14,
    43,
    34,
    25,
    35,
    38,
    51
  ],
  "fit_time_sec": 13.112784900004044,
  "inertia_history": [
    4.076493093590681,
    3.769051187025267,
    3.617473036281519,
    3.5329365904537724,
    3.4902949853537315,
    3.480880319020468,
    3.471021110526573,
    3.4499852356846956,
    3.427606563577685,
    3.3862674701436344,
    3.3574178726912893,
    3.3409774561973977,
    3.334070622131331,
    3.3275366056005726,
    3.326395558420791,
    3.3249379789031326,
    3.3249379789031326
  ]
}