{
  "inertia": 3.3593307327218964,
  "n_iter": 8,
  "cluster_sizes": [
    29,
    42,
    20,
    40,
    24,
    57,
    27,
    44,
    42,
    25
  ],
  "fit_time_sec": 12.621602500090376,
  "inertia_history": [
    3.8600747222577425,
    3.6867793677231138,
    3.483333921420929,
    3.3915782361269198,
    3.367304757893632,
    3.3603872426817127,
    3.3593307327218964,
    3.3593307327218964
  ]
}