{
  "inertia": 0.8204366777119284,
  "n_iter": 5,
  "cluster_sizes": [
    17,
    7,
    5,
    14,
    12,
    7,
    11,
    4,
    3,
    10
  ],
  "fit_time_sec": 6.443712800042704,
  "inertia_history": [
    0.8789618124594495,
    0.8470989510547416,
    0.8220734944134032,
    0.8204366777119284,
    0.8204366777119284
  ]
}