{
  "inertia": 1.9685619205412936,
  "n_iter": 15,
  "cluster_sizes": [
    50,
    47,
    20,
    20,
    37,
    54,
    28,
    17,
    7,
    20
  ],
  "fit_time_sec": 8.489942799904384,
  "inertia_history": [
    2.0851917591036857,
    2.0238410063933725,
    1.9956292237522004,
    1.9846027090267162,
    1.980757089667586,
    1.9782976050918863,
    1.9766022686671707,
    1.9748862857898772,
    1.9738865116349613,
    1.9724438611709414,
    1.9716367015432104,
    1.971190199160205,
    1.9688442481490533,
    1.9685619205412936,
    1.9685619205412936
  ]
}