{
  "inertia": 2.9133320698709224,
  "n_iter": 16,
  "cluster_sizes": [
    44,
    15,
    18,
    33,
    31,
    21,
    54,
    30,
    36,
    18
  ],
  "fit_time_sec": 8.03654350002762,
  "inertia_history": [
    3.2644048675207484,
    3.0643190017831667,
    3.0244668824743437,
    3.0050674765745136,
    2.9925772035887728,
    2.970085707392692,
    2.9570812895948873,
    2.9488005559199584,
    2.9468046698343775,
    2.9408498501277323,
    2.922221726966449,
    2.917659912203861,
    2.914809806930631,
    2.9140892877795332,
    2.9133320698709224,
    2.9133320698709224
  ]
}