{
  "inertia": 2.0494119935298416,
  "n_iter": 6,
  "cluster_sizes": [
    45,
    29,
    53,
    18,
    13,
    28,
    43,
    22,
    24,
    25
  ],
  "fit_time_sec": 6.388566400040872,
  "inertia_history": [
    2.1559471157227907,
    2.081984036188285,
    2.058025787238226,
    2.050312277377364,
    2.0494119935298416,
    2.0494119935298416
  ]
}