{
  "inertia": 3.0779146035356866,
  "n_iter": 11,
  "cluster_sizes": [
    32,
    29,
    37,
    23,
    19,
    51,
    31,
    22,
    23,
    33
  ],
  "fit_time_sec": 7.1800967999733984,
  "inertia_history": [
    3.3344325311244076,
    3.2142637434372303,
    3.174279950877147,
    3.156101202415806,
    3.1411591550293316,
    3.1139994132392586,
    3.084674938840309,
    3.081364632863312,
    3.0793059831221132,
    3.0779146035356866,
    3.0779146035356866
  ]
}