{
  "inertia": 2.809164551123873,
  "n_iter": 18,
  "cluster_sizes": [
    42,
    25,
    19,
    53,
    19,
    34,
    21,
    52,
    26,
    9
  ],
  "fit_time_sec": 7.2411532999249175,
  "inertia_history": [
    3.184875268764406,
    3.0462700265026728,
    2.985693201996394,
    2.9609646179727074,
    2.959357493236924,
    2.957168377811635,
    2.9396098724453044,
    2.932203371119838,
    2.927418226007561,
    2.924074690968119,
    2.913419415750405,
    2.906114034669426,
    2.8977963460973957,
    2.8821934267145353,
    2.8270537212366733,
    2.8099306097227963,
    2.809164551123873,
    2.809164551123873
  ]
}