{
  "inertia": 1.4848346150668696,
  "n_iter": 6,
  "cluster_sizes": [
    18,
    14,
    26,
    12,
    24,
    16,
    5,
    13,
    19,
    3
  ],
  "fit_time_sec": 11.38364269991871,
  "inertia_history": [
    1.5599919331051901,
    1.5095674294451316,
    1.4989669588546781,
    1.4870894529295131,
    1.4848346150668696,
    1.4848346150668696
  ]
}