{
  "algorithm": "classical",
  "accuracy": 0.7222222222222222,
  "train_compress_time_s": 20.618571519851685,
  "predict_time_s": 0.0037202835083007812,
  "compression_ratio": 8.0,
  "n": 8,
  "c": 10,
  "k_neighbors": 9,
  "distance_metric": "log_fidelity",
  "quantum_shots": 7000
}