{
  "algorithm": "classical",
  "accuracy": 0.8333333333333334,
  "train_compress_time_s": 22.632487535476685,
  "predict_time_s": 0.01020359992980957,
  "compression_ratio": 8.0,
  "n": 8,
  "c": 10,
  "k_neighbors": 9,
  "distance_metric": "log_fidelity",
  "quantum_shots": 7000
}