{
  "inertia": 2.0462000611716067,
  "n_iter": 5,
  "cluster_sizes": [
    18,
    31,
    29,
    16,
    23,
    17,
    15,
    18,
    7,
    26
  ],
  "fit_time_sec": 10.409334599971771,
  "inertia_history": [
    2.1842235403076042,
    2.0774111728142026,
    2.0599979440128813,
    2.0462000611716067,
    2.0462000611716067
  ]
}