{
  "inertia": 1.864482846504172,
  "n_iter": 10,
  "cluster_sizes": [
    16,
    34,
    29,
    16,
    25,
    18,
    25,
    14,
    13,
    10
  ],
  "fit_time_sec": 10.371908099972643,
  "inertia_history": [
    2.0119542352858195,
    1.9442152522937888,
    1.9040626201427435,
    1.8896764498903995,
    1.8778911535496663,
    1.8693675141898356,
    1.8666837329104324,
    1.8654662079382918,
    1.864482846504172,
    1.864482846504172
  ]
}