{
  "inertia": 1.778152283391309,
  "n_iter": 6,
  "cluster_sizes": [
    22,
    11,
    27,
    26,
    26,
    20,
    7,
    27,
    12,
    22
  ],
  "fit_time_sec": 9.44182060007006,
  "inertia_history": [
    1.859192301852813,
    1.7912781746321877,
    1.7862504184489143,
    1.7802764526553652,
    1.778152283391309,
    1.778152283391309
  ]
}