{
  "inertia": 0.862329537348305,
  "n_iter": 10,
  "cluster_sizes": [
    7,
    14,
    20,
    27,
    8,
    13,
    22,
    8,
    6,
    25
  ],
  "fit_time_sec": 12.38442560005933,
  "inertia_history": [
    0.955002346730526,
    0.9224566157780831,
    0.9113154426169086,
    0.8948451031417667,
    0.8845436787125514,
    0.8793866388917184,
    0.8723905591979064,
    0.8673899589557612,
    0.862329537348305,
    0.862329537348305
  ]
}