{
  "inertia": 1.5077825577749704,
  "n_iter": 8,
  "cluster_sizes": [
    10,
    9,
    24,
    14,
    15,
    16,
    19,
    22,
    12,
    9
  ],
  "fit_time_sec": 6.9131928000133485,
  "inertia_history": [
    1.5736553513835163,
    1.5291067173647248,
    1.5231516279103396,
    1.5183009904880302,
    1.510720120305007,
    1.5097026358616565,
    1.5077825577749704,
    1.5077825577749704
  ]
}