{
  "inertia": 1.6278706790458366,
  "n_iter": 6,
  "cluster_sizes": [
    9,
    11,
    20,
    17,
    6,
    21,
    16,
    19,
    16,
    15
  ],
  "fit_time_sec": 6.787247100030072,
  "inertia_history": [
    1.9186173180052386,
    1.7189541442450138,
    1.6421347749950117,
    1.635458618872354,
    1.6278706790458366,
    1.6278706790458366
  ]
}