{
  "inertia": 1.433481722564522,
  "n_iter": 4,
  "cluster_sizes": [
    18,
    13,
    16,
    22,
    24,
    15,
    6,
    16,
    11,
    9
  ],
  "fit_time_sec": 6.664297600043938,
  "inertia_history": [
    1.4708520921554218,
    1.4403049391946219,
    1.433481722564522,
    1.433481722564522
  ]
}