{
  "inertia": 1.3401126871754923,
  "n_iter": 6,
  "cluster_sizes": [
    19,
    19,
    18,
    8,
    10,
    11,
    18,
    17,
    13,
    17
  ],
  "fit_time_sec": 6.617598900105804,
  "inertia_history": [
    1.3754028115755896,
    1.3458420775828395,
    1.3443266764950017,
    1.3425931087637548,
    1.3401126871754923,
    1.3401126871754923
  ]
}