{
  "inertia": 1.6307059502011172,
  "n_iter": 4,
  "cluster_sizes": [
    8,
    18,
    17,
    13,
    18,
    12,
    28,
    22,
    2,
    12
  ],
  "fit_time_sec": 6.257891200017184,
  "inertia_history": [
    1.6669141886188124,
    1.6349761508355931,
    1.6307059502011172,
    1.6307059502011172
  ]
}