{
  "inertia": 0.9520380619175444,
  "n_iter": 10,
  "cluster_sizes": [
    18,
    17,
    9,
    13,
    11,
    14,
    10,
    25,
    9,
    24
  ],
  "fit_time_sec": 6.361228499910794,
  "inertia_history": [
    1.1052938265303747,
    1.0453842250949625,
    0.9885261647307828,
    0.9702480453691993,
    0.9684544471593912,
    0.9665814163953679,
    0.9591074857652663,
    0.9527491017694034,
    0.9520380619175444,
    0.9520380619175444
  ]
}