{
  "inertia": 3.1775830314605042,
  "n_iter": 11,
  "cluster_sizes": [
    27,
    38,
    50,
    34,
    25,
    23,
    34,
    12,
    37,
    20
  ],
  "fit_time_sec": 7.0390514000318944,
  "inertia_history": [
    3.3873229086922634,
    3.306631375304975,
    3.278321877141268,
    3.261211040643609,
    3.2398703796248336,
    3.224919716779716,
    3.2042618496052233,
    3.188618341917249,
    3.1818727726085396,
    3.1775830314605042,
    3.1775830314605042
  ]
}