{
  "inertia": 3.063190150263579,
  "n_iter": 19,
  "cluster_sizes": [
    48,
    30,
    15,
    21,
    29,
    24,
    26,
    31,
    50,
    26
  ],
  "fit_time_sec": 7.3628779000137,
  "inertia_history": [
    3.455413945022571,
    3.326658206019687,
    3.2585237034543586,
    3.221148378540166,
    3.201657802940391,
    3.1915258274473817,
    3.1786267460308864,
    3.167082674872245,
    3.159515286285703,
    3.1514991077661962,
    3.140611116552133,
    3.0964525866862354,
    3.06980279013113,
    3.0674051498488133,
    3.066315957164041,
    3.065078464438797,
    3.0638698823781154,
    3.063190150263579,
    3.063190150263579
  ]
}