{
  "algorithm": "quantum",
  "accuracy": 0.8333333333333334,
  "train_compress_time_s": 24845.303797245026,
  "predict_time_s": 103.53428435325623,
  "compression_ratio": 8.0,
  "n": 8,
  "c": 10,
  "k_neighbors": 9,
  "distance_metric": "log_fidelity",
  "quantum_shots": 7000
}