{
  "inertia": 3.8015889435967463,
  "n_iter": 5,
  "cluster_sizes": [
    44,
    29,
    47,
    26,
    30,
    48,
    26,
    22,
    46,
    32
  ],
  "fit_time_sec": 12.645849200082012,
  "inertia_history": [
    3.962782583244831,
    3.8359348331723937,
    3.803468117095011,
    3.8015889435967463,
    3.8015889435967463
  ]
}