{
  "inertia": 2.1403999329032874,
  "n_iter": 14,
  "cluster_sizes": [
    52,
    48,
    26,
    51,
    37,
    21,
    39,
    40,
    16,
    20
  ],
  "fit_time_sec": 13.544200800010003,
  "inertia_history": [
    2.535149700993556,
    2.4404535879585487,
    2.3869445721889777,
    2.334379328406092,
    2.2711451941091507,
    2.219211048152808,
    2.191819277099145,
    2.1706224501543114,
    2.1604125065432918,
    2.143390241190936,
    2.1414089023110416,
    2.140658117763321,
    2.1403999329032874,
    2.1403999329032874
  ]
}