{
  "inertia": 3.4393576426617614,
  "n_iter": 14,
  "cluster_sizes": [
    37,
    26,
    45,
    58,
    31,
    32,
    36,
    33,
    27,
    25
  ],
  "fit_time_sec": 12.143136800033972,
  "inertia_history": [
    3.848224439902193,
    3.5730117826602985,
    3.493169600894913,
    3.466757039956931,
    3.4566743005475162,
    3.4512253718273636,
    3.446813024491015,
    3.445302490567504,
    3.4442910363338215,
    3.442799884989039,
    3.441109044849953,
    3.440594658193513,
    3.4393576426617614,
    3.4393576426617614
  ]
}