{
  "inertia": 3.5640016031200856,
  "n_iter": 11,
  "cluster_sizes": [
    35,
    44,
    21,
    45,
    22,
    20,
    55,
    29,
    44,
    35
  ],
  "fit_time_sec": 11.916788300033659,
  "inertia_history": [
    3.974850001011559,
    3.7436806320372664,
    3.6506407591105043,
    3.59980699679764,
    3.5847001424908194,
    3.5775101821669613,
    3.570477192576506,
    3.56813363283738,
    3.567152577431143,
    3.5640016031200856,
    3.5640016031200856
  ]
}