{
  "inertia": 2.256615500744466,
  "n_iter": 12,
  "cluster_sizes": [
    24,
    51,
    37,
    24,
    25,
    27,
    52,
    17,
    52,
    41
  ],
  "fit_time_sec": 11.704323500045575,
  "inertia_history": [
    2.4053397627153004,
    2.3417389823769317,
    2.3213190458495796,
    2.3121364973827765,
    2.302787762865079,
    2.279662943460378,
    2.27152995857687,
    2.264143706276225,
    2.2589396587361894,
    2.2569854375624523,
    2.256615500744466,
    2.256615500744466
  ]
}