{
  "inertia": 0.4636457109315508,
  "n_iter": 4,
  "cluster_sizes": [
    6,
    6,
    10,
    7,
    5,
    6,
    3,
    8,
    7,
    2
  ],
  "fit_time_sec": 13.07389040000271,
  "inertia_history": [
    0.5142434001322351,
    0.4888832064212136,
    0.4636457109315508,
    0.4636457109315508
  ]
}