{
  "inertia": 0.4654018137617106,
  "n_iter": 4,
  "cluster_sizes": [
    3,
    4,
    7,
    11,
    3,
    9,
    6,
    4,
    4,
    9
  ],
  "fit_time_sec": 13.98769199999515,
  "inertia_history": [
    0.5425410901812016,
    0.49750511185574,
    0.4654018137617106,
    0.4654018137617106
  ]
}