{
  "inertia": 0.4473164488184805,
  "n_iter": 3,
  "cluster_sizes": [
    8,
    10,
    6,
    9,
    3,
    7,
    8,
    1,
    3,
    5
  ],
  "fit_time_sec": 12.5026011998998,
  "inertia_history": [
    0.4610965887144794,
    0.4473164488184805,
    0.4473164488184805
  ]
}