{
  "inertia": 0.5259716312820834,
  "n_iter": 3,
  "cluster_sizes": [
    6,
    7,
    8,
    3,
    8,
    7,
    5,
    7,
    4,
    5
  ],
  "fit_time_sec": 12.721382899908349,
  "inertia_history": [
    0.5479378639022697,
    0.5259716312820834,
    0.5259716312820834
  ]
}