{
  "inertia": 0.4987413707922853,
  "n_iter": 5,
  "cluster_sizes": [
    5,
    10,
    8,
    6,
    3,
    9,
    6,
    4,
    6,
    3
  ],
  "fit_time_sec": 11.097728900029324,
  "inertia_history": [
    0.5461105123215757,
    0.5194118199260087,
    0.5028050280962727,
    0.4987413707922853,
    0.4987413707922853
  ]
}