{
  "inertia": 0.8676342932206588,
  "n_iter": 4,
  "cluster_sizes": [
    13,
    16,
    9,
    14,
    13,
    3,
    2,
    4,
    9,
    7
  ],
  "fit_time_sec": 5.768839700031094,
  "inertia_history": [
    0.8802771335660114,
    0.8704718154728527,
    0.8676342932206588,
    0.8676342932206588
  ]
}