{
  "inertia": 0.5426261409374858,
  "n_iter": 5,
  "cluster_sizes": [
    19,
    12,
    9,
    6,
    4,
    11,
    11,
    5,
    7,
    6
  ],
  "fit_time_sec": 7.695500500034541,
  "inertia_history": [
    0.5752956665553626,
    0.5585765570629655,
    0.5506827733506457,
    0.5426261409374858,
    0.5426261409374858
  ]
}