{
  "inertia": 0.6789745919386397,
  "n_iter": 7,
  "cluster_sizes": [
    21,
    6,
    17,
    11,
    7,
    6,
    11,
    16,
    10,
    15
  ],
  "fit_time_sec": 6.929917100002058,
  "inertia_history": [
    0.7375132707484805,
    0.7031444528617408,
    0.6913626640701682,
    0.6847020956225829,
    0.6822728395134185,
    0.6789745919386397,
    0.6789745919386397
  ]
}