{
  "inertia": 1.623442191747337,
  "n_iter": 10,
  "cluster_sizes": [
    44,
    31,
    20,
    20,
    27,
    41,
    11,
    19,
    12,
    25
  ],
  "fit_time_sec": 11.634334200061858,
  "inertia_history": [
    1.8923104343226311,
    1.73832767235072,
    1.674142789618704,
    1.6475802102547958,
    1.6403563277931594,
    1.636919203274348,
    1.6273453831863494,
    1.6243391342204836,
    1.623442191747337,
    1.623442191747337
  ]
}