{
  "inertia": 2.321086857416062,
  "n_iter": 7,
  "cluster_sizes": [
    16,
    31,
    25,
    32,
    14,
    24,
    23,
    29,
    31,
    25
  ],
  "fit_time_sec": 12.936180799966678,
  "inertia_history": [
    2.474439122417551,
    2.371648353337851,
    2.337111547383405,
    2.327286481292689,
    2.321699839724664,
    2.321086857416062,
    2.321086857416062
  ]
}