{
  "inertia": 2.557470838444641,
  "n_iter": 12,
  "cluster_sizes": [
    22,
    22,
    24,
    24,
    23,
    36,
    17,
    21,
    19,
    42
  ],
  "fit_time_sec": 13.434820399968885,
  "inertia_history": [
    2.7946328637053113,
    2.6898748233507273,
    2.636780169750943,
    2.6162085122399823,
    2.606711474868196,
    2.582167458724994,
    2.569486328410849,
    2.5644388480214375,
    2.5600700012935156,
    2.5589464576864174,
    2.557470838444641,
    2.557470838444641
  ]
}