{
  "inertia": 2.3152335178637586,
  "n_iter": 5,
  "cluster_sizes": [
    33,
    30,
    16,
    30,
    36,
    29,
    15,
    24,
    19,
    18
  ],
  "fit_time_sec": 13.329189900076017,
  "inertia_history": [
    2.403190709394754,
    2.3266537132619547,
    2.3170287486219783,
    2.3152335178637586,
    2.3152335178637586
  ]
}