{
  "inertia": 2.6224846280139564,
  "n_iter": 9,
  "cluster_sizes": [
    27,
    47,
    31,
    23,
    31,
    15,
    21,
    15,
    26,
    14
  ],
  "fit_time_sec": 11.989234799984843,
  "inertia_history": [
    2.8159418233093185,
    2.7424877750658627,
    2.6984242831497935,
    2.665952317183266,
    2.6375549781349323,
    2.6284726044386306,
    2.623838238331985,
    2.6224846280139564,
    2.6224846280139564
  ]
}