{
  "inertia": 0.14866297930785738,
  "n_iter": 3,
  "cluster_sizes": [
    3,
    3,
    6,
    3,
    2,
    4,
    2,
    4,
    1,
    2
  ],
  "fit_time_sec": 6.396878700004891,
  "inertia_history": [
    0.15485979351457219,
    0.14866297930785738,
    0.14866297930785738
  ]
}