{
  "inertia": 0.20093042696363944,
  "n_iter": 2,
  "cluster_sizes": [
    2,
    4,
    3,
    4,
    2,
    7,
    2,
    3,
    1,
    2
  ],
  "fit_time_sec": 5.3859914999920875,
  "inertia_history": [
    0.20093042696363944,
    0.20093042696363944
  ]
}