{
  "inertia": 0.07727774641765749,
  "n_iter": 4,
  "cluster_sizes": [
    3,
    5,
    6,
    1,
    1,
    6,
    3,
    2,
    2,
    1
  ],
  "fit_time_sec": 6.223301199963316,
  "inertia_history": [
    0.0845092472241437,
    0.07900813854148683,
    0.07727774641765749,
    0.07727774641765749
  ]
}