{
  "inertia": 0.09618261803370597,
  "n_iter": 2,
  "cluster_sizes": [
    5,
    5,
    4,
    1,
    1,
    1,
    5,
    2,
    2,
    4
  ],
  "fit_time_sec": 5.386872199946083,
  "inertia_history": [
    0.09618261803370597,
    0.09618261803370597
  ]
}