{
  "inertia": 0.24449241599162866,
  "n_iter": 2,
  "cluster_sizes": [
    3,
    2,
    3,
    5,
    3,
    3,
    4,
    4,
    2,
    1
  ],
  "fit_time_sec": 5.454607199993916,
  "inertia_history": [
    0.24449241599162866,
    0.24449241599162866
  ]
}