{
  "inertia": 0.21679113494272118,
  "n_iter": 2,
  "cluster_sizes": [
    2,
    3,
    1,
    3,
    3,
    5,
    6,
    2,
    3,
    2
  ],
  "fit_time_sec": 6.105516899959184,
  "inertia_history": [
    0.21679113494272118,
    0.21679113494272118
  ]
}