{
  "inertia": 2.839975292386207,
  "n_iter": 14,
  "cluster_sizes": [
    40,
    14,
    36,
    34,
    35,
    23,
    50,
    12,
    37,
    19
  ],
  "fit_time_sec": 7.09994560002815,
  "inertia_history": [
    3.097054535181951,
    2.9866746513684106,
    2.9429579311009753,
    2.928160751850768,
    2.9122226741124497,
    2.89993669730595,
    2.8738553389775405,
    2.862793882329116,
    2.8572677209895403,
    2.84687832918147,
    2.8429286091685015,
    2.8404515038309373,
    2.839975292386207,
    2.839975292386207
  ]
}