{
  "inertia": 0.48531913772173707,
  "n_iter": 3,
  "cluster_sizes": [
    5,
    5,
    7,
    7,
    6,
    6,
    8,
    3,
    5,
    8
  ],
  "fit_time_sec": 13.53384529997129,
  "inertia_history": [
    0.5251262263503769,
    0.48531913772173707,
    0.48531913772173707
  ]
}