{
  "inertia": 0.2564041491465612,
  "n_iter": 4,
  "cluster_sizes": [
    15,
    7,
    2,
    3,
    9,
    7,
    8,
    2,
    5,
    2
  ],
  "fit_time_sec": 15.646671299939044,
  "inertia_history": [
    0.2749766985630397,
    0.2577311740130743,
    0.2564041491465612,
    0.2564041491465612
  ]
}