{
  "inertia": 0.32316996416770494,
  "n_iter": 4,
  "cluster_sizes": [
    5,
    5,
    7,
    9,
    10,
    9,
    2,
    10,
    1,
    2
  ],
  "fit_time_sec": 10.226953299948946,
  "inertia_history": [
    0.3622057298184357,
    0.33120448316228196,
    0.32316996416770494,
    0.32316996416770494
  ]
}