{
  "algorithm": "classical",
  "accuracy": 0.9714285714285714,
  "train_compress_time_s": 28.40401530265808,
  "predict_time_s": 0.03499412536621094,
  "compression_ratio": 8.0,
  "n": 8,
  "c": 10,
  "k_neighbors": 9,
  "distance_metric": "log_fidelity",
  "quantum_shots": 7000
}